Product,Count
"iPhone, Lightning Charging Cable, ",882
"Google Phone, USB-C Charging Cable, ",856
"iPhone, Wired Headphones, ",361
"Vareebadd Phone, USB-C Charging Cable, ",312
"Google Phone, Wired Headphones, ",303
"iPhone, Apple Airpods Headphones, ",286
"Google Phone, Bose SoundSport Headphones, ",161
"Vareebadd Phone, Wired Headphones, ",104
"Google Phone, USB-C Charging Cable, Wired Headphones, ",77
"Vareebadd Phone, Bose SoundSport Headphones, ",60
"iPhone, Lightning Charging Cable, Wired Headphones, ",56
"Lightning Charging Cable, USB-C Charging Cable, ",55
"Lightning Charging Cable, AA Batteries (4-pack), ",52
"AA Batteries (4-pack), Lightning Charging Cable, ",51
"Lightning Charging Cable, Lightning Charging Cable, ",51
"AAA Batteries (4-pack), USB-C Charging Cable, ",50
"AA Batteries (4-pack), AAA Batteries (4-pack), ",48
"AAA Batteries (4-pack), AAA Batteries (4-pack), ",48
"USB-C Charging Cable, USB-C Charging Cable, ",46
"Apple Airpods Headphones, AAA Batteries (4-pack), ",45
"AA Batteries (4-pack), Wired Headphones, ",44
"AAA Batteries (4-pack), Lightning Charging Cable, ",44
"AAA Batteries (4-pack), Wired Headphones, ",43
"iPhone, Lightning Charging Cable, Apple Airpods Headphones, ",43
"Wired Headphones, AAA Batteries (4-pack), ",43
"Wired Headphones, USB-C Charging Cable, ",42
"USB-C Charging Cable, AAA Batteries (4-pack), ",42
"Apple Airpods Headphones, Wired Headphones, ",42
"AA Batteries (4-pack), Apple Airpods Headphones, ",41
"USB-C Charging Cable, Lightning Charging Cable, ",41
"USB-C Charging Cable, Wired Headphones, ",40
"Lightning Charging Cable, Bose SoundSport Headphones, ",39
"AAA Batteries (4-pack), AA Batteries (4-pack), ",39
"AA Batteries (4-pack), USB-C Charging Cable, ",37
"Bose SoundSport Headphones, AAA Batteries (4-pack), ",37
"Wired Headphones, AA Batteries (4-pack), ",36
"Wired Headphones, Lightning Charging Cable, ",36
"Apple Airpods Headphones, Lightning Charging Cable, ",35
"AA Batteries (4-pack), AA Batteries (4-pack), ",35
"USB-C Charging Cable, AA Batteries (4-pack), ",35
"Lightning Charging Cable, AAA Batteries (4-pack), ",35
"Lightning Charging Cable, Apple Airpods Headphones, ",34
"Wired Headphones, Wired Headphones, ",34
"AAA Batteries (4-pack), Apple Airpods Headphones, ",33
"Bose SoundSport Headphones, Lightning Charging Cable, ",32
"Google Phone, USB-C Charging Cable, Bose SoundSport Headphones, ",31
"USB-C Charging Cable, Apple Airpods Headphones, ",31
"Apple Airpods Headphones, Bose SoundSport Headphones, ",31
"Vareebadd Phone, USB-C Charging Cable, Wired Headphones, ",31
"Lightning Charging Cable, Wired Headphones, ",30
"Apple Airpods Headphones, USB-C Charging Cable, ",29
"Wired Headphones, Apple Airpods Headphones, ",29
"Apple Airpods Headphones, AA Batteries (4-pack), ",29
"USB-C Charging Cable, 27in FHD Monitor, ",29
"AA Batteries (4-pack), Bose SoundSport Headphones, ",28
"Bose SoundSport Headphones, Bose SoundSport Headphones, ",27
"Bose SoundSport Headphones, AA Batteries (4-pack), ",27
"USB-C Charging Cable, Bose SoundSport Headphones, ",26
"Bose SoundSport Headphones, USB-C Charging Cable, ",25
"Apple Airpods Headphones, Apple Airpods Headphones, ",24
"Bose SoundSport Headphones, Wired Headphones, ",24
"iPhone, Apple Airpods Headphones, Wired Headphones, ",23
"AAA Batteries (4-pack), 27in FHD Monitor, ",22
"Google Phone, Bose SoundSport Headphones, Wired Headphones, ",21
"Wired Headphones, Bose SoundSport Headphones, ",21
"27in FHD Monitor, AAA Batteries (4-pack), ",21
"AAA Batteries (4-pack), Bose SoundSport Headphones, ",20
"34in Ultrawide Monitor, AA Batteries (4-pack), ",19
"27in FHD Monitor, Lightning Charging Cable, ",18
"AA Batteries (4-pack), iPhone, ",18
"34in Ultrawide Monitor, Lightning Charging Cable, ",18
"Lightning Charging Cable, 27in FHD Monitor, ",18
"Wired Headphones, 34in Ultrawide Monitor, ",17
"Wired Headphones, 27in 4K Gaming Monitor, ",17
"Lightning Charging Cable, 27in 4K Gaming Monitor, ",17
"Bose SoundSport Headphones, Apple Airpods Headphones, ",17
"ThinkPad Laptop, AAA Batteries (4-pack), ",16
"27in 4K Gaming Monitor, Lightning Charging Cable, ",16
"20in Monitor, USB-C Charging Cable, ",15
"AAA Batteries (4-pack), 27in 4K Gaming Monitor, ",15
"27in FHD Monitor, AA Batteries (4-pack), ",15
"27in 4K Gaming Monitor, AAA Batteries (4-pack), ",15
"34in Ultrawide Monitor, USB-C Charging Cable, ",15
"Lightning Charging Cable, 20in Monitor, ",15
"Lightning Charging Cable, Google Phone, ",14
"AAA Batteries (4-pack), iPhone, ",14
"AA Batteries (4-pack), 27in 4K Gaming Monitor, ",14
"Vareebadd Phone, USB-C Charging Cable, Bose SoundSport Headphones, ",14
"Lightning Charging Cable, 34in Ultrawide Monitor, ",14
"AAA Batteries (4-pack), 34in Ultrawide Monitor, ",13
"AA Batteries (4-pack), Flatscreen TV, ",13
"iPhone, AAA Batteries (4-pack), ",13
"Apple Airpods Headphones, Google Phone, ",13
"Wired Headphones, iPhone, ",13
"AA Batteries (4-pack), 34in Ultrawide Monitor, ",13
"Apple Airpods Headphones, iPhone, ",13
"Bose SoundSport Headphones, 27in FHD Monitor, ",13
"Apple Airpods Headphones, 27in FHD Monitor, ",12
"Apple Airpods Headphones, 27in 4K Gaming Monitor, ",12
"27in FHD Monitor, USB-C Charging Cable, ",12
"27in 4K Gaming Monitor, AA Batteries (4-pack), ",12
"Apple Airpods Headphones, Macbook Pro Laptop, ",12
"Macbook Pro Laptop, USB-C Charging Cable, ",12
"USB-C Charging Cable, iPhone, ",12
"27in 4K Gaming Monitor, USB-C Charging Cable, ",12
"iPhone, USB-C Charging Cable, ",12
"34in Ultrawide Monitor, AAA Batteries (4-pack), ",12
"USB-C Charging Cable, Google Phone, ",12
"27in FHD Monitor, Bose SoundSport Headphones, ",12
"27in FHD Monitor, Apple Airpods Headphones, ",12
"20in Monitor, Wired Headphones, ",12
"Wired Headphones, Macbook Pro Laptop, ",12
"Macbook Pro Laptop, Bose SoundSport Headphones, ",11
"AA Batteries (4-pack), 27in FHD Monitor, ",11
"Flatscreen TV, AAA Batteries (4-pack), ",11
"Wired Headphones, 27in FHD Monitor, ",11
"Lightning Charging Cable, Flatscreen TV, ",11
"AAA Batteries (4-pack), ThinkPad Laptop, ",11
"AAA Batteries (4-pack), Macbook Pro Laptop, ",11
"ThinkPad Laptop, Lightning Charging Cable, ",11
"34in Ultrawide Monitor, Wired Headphones, ",11
"20in Monitor, Lightning Charging Cable, ",11
"USB-C Charging Cable, 27in 4K Gaming Monitor, ",11
"USB-C Charging Cable, ThinkPad Laptop, ",11
"Macbook Pro Laptop, Lightning Charging Cable, ",11
"27in 4K Gaming Monitor, Wired Headphones, ",11
"AA Batteries (4-pack), Google Phone, ",11
"AAA Batteries (4-pack), Google Phone, ",11
"iPhone, AA Batteries (4-pack), ",11
"Google Phone, Lightning Charging Cable, ",10
"27in 4K Gaming Monitor, Apple Airpods Headphones, ",10
"Flatscreen TV, Lightning Charging Cable, ",10
"Wired Headphones, ThinkPad Laptop, ",10
"Lightning Charging Cable, Macbook Pro Laptop, ",10
"Google Phone, AA Batteries (4-pack), ",10
"USB-C Charging Cable, 20in Monitor, ",10
"Bose SoundSport Headphones, 27in 4K Gaming Monitor, ",10
"Bose SoundSport Headphones, 34in Ultrawide Monitor, ",10
"27in FHD Monitor, Wired Headphones, ",10
"AA Batteries (4-pack), 20in Monitor, ",10
"AAA Batteries (4-pack), Flatscreen TV, ",10
"USB-C Charging Cable, 34in Ultrawide Monitor, ",10
"USB-C Charging Cable, Flatscreen TV, ",10
"Lightning Charging Cable, iPhone, ",9
"Bose SoundSport Headphones, Flatscreen TV, ",9
"Apple Airpods Headphones, ThinkPad Laptop, ",9
"ThinkPad Laptop, USB-C Charging Cable, ",9
"ThinkPad Laptop, Bose SoundSport Headphones, ",9
"Vareebadd Phone, AA Batteries (4-pack), ",9
"20in Monitor, Bose SoundSport Headphones, ",9
"27in 4K Gaming Monitor, Bose SoundSport Headphones, ",9
"Macbook Pro Laptop, AA Batteries (4-pack), ",9
"Lightning Charging Cable, ThinkPad Laptop, ",9
"USB-C Charging Cable, Macbook Pro Laptop, ",9
"27in FHD Monitor, 27in FHD Monitor, ",9
"AA Batteries (4-pack), ThinkPad Laptop, ",9
"34in Ultrawide Monitor, Apple Airpods Headphones, ",8
"ThinkPad Laptop, AA Batteries (4-pack), ",8
"AA Batteries (4-pack), Macbook Pro Laptop, ",8
"AAA Batteries (4-pack), 20in Monitor, ",8
"Wired Headphones, Google Phone, ",8
"Apple Airpods Headphones, Flatscreen TV, ",8
"Flatscreen TV, AA Batteries (4-pack), ",8
"Bose SoundSport Headphones, Google Phone, ",8
"Google Phone, AAA Batteries (4-pack), ",8
"20in Monitor, Apple Airpods Headphones, ",7
"34in Ultrawide Monitor, 34in Ultrawide Monitor, ",7
"Macbook Pro Laptop, AAA Batteries (4-pack), ",7
"Macbook Pro Laptop, Apple Airpods Headphones, ",7
"Bose SoundSport Headphones, iPhone, ",7
"Wired Headphones, 20in Monitor, ",7
"34in Ultrawide Monitor, iPhone, ",7
"Macbook Pro Laptop, Wired Headphones, ",7
"Wired Headphones, Flatscreen TV, ",7
"Flatscreen TV, USB-C Charging Cable, ",7
"ThinkPad Laptop, Apple Airpods Headphones, ",7
"Macbook Pro Laptop, 27in 4K Gaming Monitor, ",7
"Apple Airpods Headphones, 34in Ultrawide Monitor, ",6
"Flatscreen TV, Flatscreen TV, ",6
"Bose SoundSport Headphones, 20in Monitor, ",6
"USB-C Charging Cable, Vareebadd Phone, ",6
"Apple Airpods Headphones, Vareebadd Phone, ",6
"27in FHD Monitor, Macbook Pro Laptop, ",6
"27in 4K Gaming Monitor, 34in Ultrawide Monitor, ",6
"Wired Headphones, Vareebadd Phone, ",6
"Apple Airpods Headphones, 20in Monitor, ",6
"27in 4K Gaming Monitor, Macbook Pro Laptop, ",6
"20in Monitor, AA Batteries (4-pack), ",6
"34in Ultrawide Monitor, Bose SoundSport Headphones, ",6
"Google Phone, iPhone, ",5
"27in 4K Gaming Monitor, Google Phone, ",5
"27in FHD Monitor, 34in Ultrawide Monitor, ",5
"iPhone, 27in 4K Gaming Monitor, ",5
"iPhone, 34in Ultrawide Monitor, ",5
"Flatscreen TV, Apple Airpods Headphones, ",5
"iPhone, Flatscreen TV, ",5
"Flatscreen TV, 34in Ultrawide Monitor, ",5
"34in Ultrawide Monitor, 27in FHD Monitor, ",5
"27in 4K Gaming Monitor, 27in 4K Gaming Monitor, ",5
"Vareebadd Phone, Google Phone, ",4
"Lightning Charging Cable, LG Washing Machine, ",4
"LG Washing Machine, AAA Batteries (4-pack), ",4
"27in FHD Monitor, ThinkPad Laptop, ",4
"Macbook Pro Laptop, 34in Ultrawide Monitor, ",4
"Bose SoundSport Headphones, ThinkPad Laptop, ",4
"20in Monitor, Macbook Pro Laptop, ",4
"LG Dryer, AA Batteries (4-pack), ",4
"Flatscreen TV, 27in FHD Monitor, ",4
"ThinkPad Laptop, Wired Headphones, ",4
"iPhone, ThinkPad Laptop, ",4
"Flatscreen TV, Macbook Pro Laptop, ",4
"Flatscreen TV, Wired Headphones, ",4
"Flatscreen TV, iPhone, ",4
"Google Phone, 27in FHD Monitor, ",4
"Google Phone, Apple Airpods Headphones, ",4
"ThinkPad Laptop, Flatscreen TV, ",4
"27in 4K Gaming Monitor, ThinkPad Laptop, ",4
"27in 4K Gaming Monitor, 27in FHD Monitor, ",4
"AAA Batteries (4-pack), Vareebadd Phone, ",4
"Bose SoundSport Headphones, Macbook Pro Laptop, ",4
"Macbook Pro Laptop, Google Phone, ",4
"iPhone, Bose SoundSport Headphones, ",4
"Vareebadd Phone, 34in Ultrawide Monitor, ",4
"27in FHD Monitor, 27in 4K Gaming Monitor, ",4
"Vareebadd Phone, Apple Airpods Headphones, ",4
"Macbook Pro Laptop, iPhone, ",3
"Vareebadd Phone, Bose SoundSport Headphones, Wired Headphones, ",3
"Macbook Pro Laptop, ThinkPad Laptop, ",3
"ThinkPad Laptop, Google Phone, ",3
"Macbook Pro Laptop, Macbook Pro Laptop, ",3
"Macbook Pro Laptop, 27in FHD Monitor, ",3
"ThinkPad Laptop, iPhone, ",3
"20in Monitor, 20in Monitor, ",3
"Google Phone, USB-C Charging Cable, AAA Batteries (4-pack), ",3
"iPhone, Macbook Pro Laptop, ",3
"Flatscreen TV, Bose SoundSport Headphones, ",3
"Flatscreen TV, Google Phone, ",3
"iPhone, Lightning Charging Cable, Lightning Charging Cable, ",3
"AA Batteries (4-pack), Vareebadd Phone, ",3
"34in Ultrawide Monitor, ThinkPad Laptop, ",3
"34in Ultrawide Monitor, Macbook Pro Laptop, ",3
"iPhone, Lightning Charging Cable, Apple Airpods Headphones, Wired Headphones, ",3
"Google Phone, Google Phone, ",3
"34in Ultrawide Monitor, Flatscreen TV, ",3
"Google Phone, ThinkPad Laptop, ",3
"27in FHD Monitor, 20in Monitor, ",3
"27in 4K Gaming Monitor, iPhone, ",3
"Apple Airpods Headphones, LG Dryer, ",3
"Google Phone, USB-C Charging Cable, Bose SoundSport Headphones, Wired Headphones, ",3
"iPhone, Vareebadd Phone, ",3
"20in Monitor, AAA Batteries (4-pack), ",3
"Wired Headphones, LG Washing Machine, ",3
"27in 4K Gaming Monitor, Flatscreen TV, ",3
"iPhone, Apple Airpods Headphones, AAA Batteries (4-pack), ",3
"27in 4K Gaming Monitor, 20in Monitor, ",2
"20in Monitor, ThinkPad Laptop, ",2
"27in FHD Monitor, LG Dryer, ",2
"34in Ultrawide Monitor, Google Phone, ",2
"27in FHD Monitor, Flatscreen TV, ",2
"iPhone, Lightning Charging Cable, USB-C Charging Cable, ",2
"Vareebadd Phone, Flatscreen TV, ",2
"20in Monitor, Google Phone, ",2
"AA Batteries (4-pack), LG Dryer, ",2
"Vareebadd Phone, AAA Batteries (4-pack), ",2
"Vareebadd Phone, ThinkPad Laptop, ",2
"Bose SoundSport Headphones, Vareebadd Phone, ",2
"Vareebadd Phone, USB-C Charging Cable, Bose SoundSport Headphones, Wired Headphones, ",2
"Lightning Charging Cable, Vareebadd Phone, ",2
"Flatscreen TV, ThinkPad Laptop, ",2
"Macbook Pro Laptop, 20in Monitor, ",2
"Google Phone, Macbook Pro Laptop, ",2
"20in Monitor, 27in FHD Monitor, ",2
"Flatscreen TV, 27in 4K Gaming Monitor, ",2
"Google Phone, USB-C Charging Cable, AA Batteries (4-pack), ",2
"ThinkPad Laptop, 27in FHD Monitor, ",2
"iPhone, 20in Monitor, ",2
"iPhone, Lightning Charging Cable, AA Batteries (4-pack), ",2
"LG Washing Machine, Lightning Charging Cable, ",2
"LG Washing Machine, Bose SoundSport Headphones, ",2
"Google Phone, 34in Ultrawide Monitor, ",2
"Lightning Charging Cable, LG Dryer, ",2
"ThinkPad Laptop, Macbook Pro Laptop, ",2
"ThinkPad Laptop, ThinkPad Laptop, ",2
"Google Phone, 20in Monitor, ",2
"Macbook Pro Laptop, LG Washing Machine, ",2
"Vareebadd Phone, Wired Headphones, 27in 4K Gaming Monitor, ",1
"iPhone, Google Phone, ",1
"Vareebadd Phone, Wired Headphones, Apple Airpods Headphones, ",1
"iPhone, Wired Headphones, Lightning Charging Cable, ",1
"iPhone, 27in FHD Monitor, ",1
"iPhone, Apple Airpods Headphones, Bose SoundSport Headphones, ",1
"Vareebadd Phone, Wired Headphones, iPhone, ",1
"iPhone, Lightning Charging Cable, 34in Ultrawide Monitor, ",1
"iPhone, LG Washing Machine, ",1
"iPhone, Lightning Charging Cable, 27in 4K Gaming Monitor, ",1
"Vareebadd Phone, iPhone, ",1
"iPhone, Lightning Charging Cable, iPhone, ",1
"iPhone, Lightning Charging Cable, Wired Headphones, USB-C Charging Cable, ",1
"iPhone, Lightning Charging Cable, Wired Headphones, AA Batteries (4-pack), ",1
"iPhone, Lightning Charging Cable, Vareebadd Phone, ",1
"iPhone, Lightning Charging Cable, AAA Batteries (4-pack), ",1
"iPhone, Lightning Charging Cable, Apple Airpods Headphones, Wired Headphones, Google Phone, ",1
"iPhone, Lightning Charging Cable, Flatscreen TV, ",1
"iPhone, Lightning Charging Cable, Google Phone, ",1
"Google Phone, USB-C Charging Cable, Vareebadd Phone, ",1
"Vareebadd Phone, USB-C Charging Cable, iPhone, ",1
"Google Phone, USB-C Charging Cable, Wired Headphones, Wired Headphones, ",1
"Google Phone, USB-C Charging Cable, Wired Headphones, Apple Airpods Headphones, ",1
"Google Phone, USB-C Charging Cable, Wired Headphones, AA Batteries (4-pack), ",1
"Google Phone, USB-C Charging Cable, Wired Headphones, 27in FHD Monitor, ",1
"Google Phone, USB-C Charging Cable, USB-C Charging Cable, ",1
"Google Phone, USB-C Charging Cable, Lightning Charging Cable, ",1
"Google Phone, USB-C Charging Cable, Bose SoundSport Headphones, 34in Ultrawide Monitor, ",1
"Google Phone, USB-C Charging Cable, Apple Airpods Headphones, ",1
"Google Phone, USB-C Charging Cable, 27in FHD Monitor, ",1
"Google Phone, Flatscreen TV, ",1
"Google Phone, Bose SoundSport Headphones, Lightning Charging Cable, ",1
"Google Phone, Bose SoundSport Headphones, Apple Airpods Headphones, ",1
"Google Phone, Bose SoundSport Headphones, 27in FHD Monitor, ",1
"Google Phone, 27in 4K Gaming Monitor, ",1
"Flatscreen TV, 20in Monitor, ",1
"AAA Batteries (4-pack), LG Dryer, ",1
"34in Ultrawide Monitor, LG Washing Machine, ",1
"34in Ultrawide Monitor, 20in Monitor, ",1
"27in FHD Monitor, iPhone, ",1
"27in FHD Monitor, Vareebadd Phone, ",1
"27in FHD Monitor, LG Washing Machine, ",1
"27in FHD Monitor, Google Phone, ",1
"27in 4K Gaming Monitor, Vareebadd Phone, ",1
"27in 4K Gaming Monitor, LG Dryer, ",1
"20in Monitor, iPhone, ",1
"20in Monitor, LG Washing Machine, ",1
"20in Monitor, Flatscreen TV, ",1
"20in Monitor, 34in Ultrawide Monitor, ",1
"Google Phone, USB-C Charging Cable, Wired Headphones, USB-C Charging Cable, ",1
"Google Phone, USB-C Charging Cable, Wired Headphones, iPhone, ",1
"Vareebadd Phone, USB-C Charging Cable, Apple Airpods Headphones, ",1
"Google Phone, Wired Headphones, AA Batteries (4-pack), ",1
"Vareebadd Phone, Lightning Charging Cable, ",1
"Vareebadd Phone, Bose SoundSport Headphones, Flatscreen TV, ",1
"Vareebadd Phone, 27in FHD Monitor, ",1
"Vareebadd Phone, 27in 4K Gaming Monitor, ",1
"USB-C Charging Cable, LG Dryer, ",1
"ThinkPad Laptop, Vareebadd Phone, ",1
"ThinkPad Laptop, LG Dryer, ",1
"ThinkPad Laptop, 34in Ultrawide Monitor, ",1
"ThinkPad Laptop, 27in 4K Gaming Monitor, ",1
"Macbook Pro Laptop, Flatscreen TV, ",1
"LG Washing Machine, iPhone, ",1
"LG Washing Machine, Wired Headphones, ",1
"LG Washing Machine, Google Phone, ",1
"LG Washing Machine, Apple Airpods Headphones, ",1
"LG Washing Machine, AA Batteries (4-pack), ",1
"LG Washing Machine, 27in 4K Gaming Monitor, ",1
"LG Washing Machine, 20in Monitor, ",1
"LG Dryer, Wired Headphones, ",1
"LG Dryer, Vareebadd Phone, ",1
"LG Dryer, Lightning Charging Cable, ",1
"LG Dryer, Google Phone, ",1
"LG Dryer, Flatscreen TV, ",1
"LG Dryer, AAA Batteries (4-pack), ",1
"LG Dryer, 27in FHD Monitor, ",1
"LG Dryer, 27in 4K Gaming Monitor, ",1
"Google Phone, Wired Headphones, USB-C Charging Cable, ",1
"Google Phone, Wired Headphones, Macbook Pro Laptop, ",1
"iPhone, iPhone, ",1
